sku,trackOrder,type_id
M1946251914,https://tracking.goboxful.com?shipment=BFTS-3465-202407019826,20460
M1931734512,https://tracking.goboxful.com?shipment=BFTS-3465-202407019827,20288
M1947751914,https://tracking.goboxful.com?shipment=BFTS-3465-202407019828,20479
M1944855680,https://tracking.goboxful.com?shipment=BFTS-3465-202407019831,20444
M1948560288,https://tracking.goboxful.com?shipment=BFTS-3465-202407019839,20491
M1928560901,https://tracking.goboxful.com?shipment=BFTS-3465-202407019843,20233
M1947961915,https://tracking.goboxful.com?shipment=BFTS-3465-202407019844,20485
M194893794,https://tracking.goboxful.com?shipment=BFTS-3465-202407019859,20495
M1944658822,https://tracking.goboxful.com?shipment=BFTS-3465-202407019862,20441
M1949552351,https://tracking.goboxful.com?shipment=BFTS-3465-202407019874,20502
M1950116246,https://tracking.goboxful.com?shipment=BFTS-3465-202407019875,20508
M1950358788,https://tracking.goboxful.com?shipment=BFTS-3465-202407019884,20511
M1944160468,https://tracking.goboxful.com?shipment=BFTS-3465-202407029895,20436
M195069688,https://tracking.goboxful.com?shipment=BFTS-3465-202407029901,20514
M1950313167,https://tracking.goboxful.com?shipment=BFTS-3465-202407029902,20510
M1950851160,https://tracking.goboxful.com?shipment=BFTS-3465-202407029903,20516
M1950263595,https://tracking.goboxful.com?shipment=BFTS-3465-202407029905,20509
M1950955837,https://tracking.goboxful.com?shipment=BFTS-3465-202407029911,20518
M1950753430,https://tracking.goboxful.com?shipment=BFTS-3465-202407029915,20515
M1949753719,https://tracking.goboxful.com?shipment=BFTS-3465-202407029919,20504
M1937916375,https://tracking.goboxful.com?shipment=BFTS-3465-202407029935,20359
M1938830891,https://tracking.goboxful.com?shipment=BFTS-3465-202407029937,20368
M1949458764,https://tracking.goboxful.com?shipment=BFTS-3465-202407029940,20501
M1950954696,https://tracking.goboxful.com?shipment=BFTS-3465-202407029946,20519
M1950851958,https://tracking.goboxful.com?shipment=BFTS-3465-202407029949,20517
M1951255054,https://tracking.goboxful.com?shipment=BFTS-3465-202407029951,20522
M1951340350,https://tracking.goboxful.com?shipment=BFTS-3465-202407029952,20523
M1946957531,https://tracking.goboxful.com?shipment=BFTS-3465-202407039953,20470
M1951647517,https://tracking.goboxful.com?shipment=BFTS-3465-202407039954,20529
M1951834512,https://tracking.goboxful.com?shipment=BFTS-3465-202407039958,20533
M1951856961,https://tracking.goboxful.com?shipment=BFTS-3465-202407039962,20532
M1951763597,https://tracking.goboxful.com?shipment=BFTS-3465-202407039965,20531
M1951958584,https://tracking.goboxful.com?shipment=BFTS-3465-202407039968,20534
M1952260477,https://tracking.goboxful.com?shipment=BFTS-3465-202407039991,20539
M1952152895,https://tracking.goboxful.com?shipment=BFTS-3465-2024070310003,20538
M195242779,https://tracking.goboxful.com?shipment=BFTS-3465-2024070310010,20541
M195232779,https://tracking.goboxful.com?shipment=BFTS-3465-2024070310011,20540
M1952944716,https://tracking.goboxful.com?shipment=BFTS-3465-2024070310016,20547
M1952953878,https://tracking.goboxful.com?shipment=BFTS-3465-2024070410017,20546
M1952564061,https://tracking.goboxful.com?shipment=BFTS-3465-2024070410018,20542
M195168505,https://tracking.goboxful.com?shipment=BFTS-3465-2024070410019,20528
M1953060759,https://tracking.goboxful.com?shipment=BFTS-3465-2024070410025,20548
M1952649737,https://tracking.goboxful.com?shipment=BFTS-3465-2024070410026,20543
M1952155267,https://tracking.goboxful.com?shipment=BFTS-3465-2024070410030,20537
M1952152895,https://tracking.goboxful.com?shipment=BFTS-3465-2024070410031,20538
M1952155267,https://tracking.goboxful.com?shipment=BFTS-3465-2024070410033,20537
M1953460460,https://tracking.goboxful.com?shipment=BFTS-3465-2024070410054,20553
M1950263595,https://tracking.goboxful.com?shipment=BFTS-3465-2024070410065,20509
M195289900,https://tracking.goboxful.com?shipment=BFTS-3465-2024070410072,20545
M1953213167,https://tracking.goboxful.com?shipment=BFTS-3465-2024070410076,20550
M1953553430,https://tracking.goboxful.com?shipment=BFTS-3465-2024070410078,20555
M1953564455,https://tracking.goboxful.com?shipment=BFTS-3465-2024070410079,20556
M1952721630,https://tracking.goboxful.com?shipment=BFTS-3465-2024070410083,20544
M1953756368,https://tracking.goboxful.com?shipment=BFTS-3465-2024070410084,20559
M1953564455,https://tracking.goboxful.com?shipment=BFTS-3465-2024070510088,20556
M1953856092,https://tracking.goboxful.com?shipment=BFTS-3465-2024070510091,20560
M1953960317,https://tracking.goboxful.com?shipment=BFTS-3465-2024070510093,20561
M192022779,https://tracking.goboxful.com?shipment=BFTS-3465-202406138891,20131
M1954055837,https://tracking.goboxful.com?shipment=BFTS-3465-2024070510103,20562
M1951611696,https://tracking.goboxful.com?shipment=BFTS-3465-2024070510104,20530
M1954154899,https://tracking.goboxful.com?shipment=BFTS-3465-2024070510129,20563
M195353794,https://tracking.goboxful.com?shipment=BFTS-3465-2024070510130,20557
M1954554240,https://tracking.goboxful.com?shipment=BFTS-3465-2024070510141,20567
M1954655961,https://tracking.goboxful.com?shipment=BFTS-3465-2024070510142,20568
M1954859064,https://tracking.goboxful.com?shipment=BFTS-3465-2024070610148,20570
M1953618571,https://tracking.goboxful.com?shipment=BFTS-3465-2024070610160,20558
M1954747530,https://tracking.goboxful.com?shipment=BFTS-3465-2024070610166,20569
M1954947530,https://tracking.goboxful.com?shipment=BFTS-3465-2024070610167,20571
M1917243494,https://tracking.goboxful.com?shipment=BFTS-3465-2024070610169,20084
M1955163071,https://tracking.goboxful.com?shipment=BFTS-3465-2024070610171,20573
M1955355923,https://tracking.goboxful.com?shipment=BFTS-3465-2024070710172,20575
M1955414403,https://tracking.goboxful.com?shipment=BFTS-3465-2024070710173,20576
M1955616823,https://tracking.goboxful.com?shipment=BFTS-3465-2024070710175,20579
M1956160567,https://tracking.goboxful.com?shipment=BFTS-3465-2024070710176,20586
M1956334632,https://tracking.goboxful.com?shipment=BFTS-3465-2024070710177,20588
M1956537623,https://tracking.goboxful.com?shipment=BFTS-3465-2024070710180,20590
M1956461652,https://tracking.goboxful.com?shipment=BFTS-3465-2024070810184,20589
M1956717950,https://tracking.goboxful.com?shipment=BFTS-3465-2024070810185,20592
M1957357586,https://tracking.goboxful.com?shipment=BFTS-3465-2024070810186,20603
M1957457826,https://tracking.goboxful.com?shipment=BFTS-3465-2024070810187,20604
M1955414403,https://tracking.goboxful.com?shipment=BFTS-3465-2024070810189,20576
M1954241520,https://tracking.goboxful.com?shipment=BFTS-3465-2024070810191,20564
M1955529025,https://tracking.goboxful.com?shipment=BFTS-3465-2024070810196,20577
M1955529025,https://tracking.goboxful.com?shipment=BFTS-3465-2024070810197,20577
M1955057498,https://tracking.goboxful.com?shipment=BFTS-3465-2024070810234,20572
M195663794,https://tracking.goboxful.com?shipment=BFTS-3465-2024070810243,20591
M1955546460,https://tracking.goboxful.com?shipment=BFTS-3465-2024070810244,20578
M1956053430,https://tracking.goboxful.com?shipment=BFTS-3465-2024070810264,20585
M1957755230,https://tracking.goboxful.com?shipment=BFTS-3465-2024070810269,20607
M1955546460,https://tracking.goboxful.com?shipment=BFTS-3465-2024070910273,20578
M1958149737,https://tracking.goboxful.com?shipment=BFTS-3465-2024070910275,20611
M1958560468,https://tracking.goboxful.com?shipment=BFTS-3465-2024070910291,20615
M1958328216,https://tracking.goboxful.com?shipment=BFTS-3465-2024070910305,20613
M1957857321,https://tracking.goboxful.com?shipment=BFTS-3465-2024070910322,20608
M1958652351,https://tracking.goboxful.com?shipment=BFTS-3465-2024070910331,20616
M1958737623,https://tracking.goboxful.com?shipment=BFTS-3465-2024070910345,20617
M1958964455,https://tracking.goboxful.com?shipment=BFTS-3465-2024070910348,20619
M1959055054,https://tracking.goboxful.com?shipment=BFTS-3465-2024071010354,20620
M1959161652,https://tracking.goboxful.com?shipment=BFTS-3465-2024071010355,20621
M1959161915,https://tracking.goboxful.com?shipment=BFTS-3465-2024071010357,20622
M1959361331,https://tracking.goboxful.com?shipment=BFTS-3465-2024071010363,20624
M1959755153,https://tracking.goboxful.com?shipment=BFTS-3465-2024071010371,20628
M1956717950,https://tracking.goboxful.com?shipment=BFTS-3465-2024071010372,20592
M1959528216,https://tracking.goboxful.com?shipment=BFTS-3465-2024071010379,20626
M1957534512,https://tracking.goboxful.com?shipment=BFTS-3465-2024071010380,20605
M1959958891,https://tracking.goboxful.com?shipment=BFTS-3465-2024071010381,20631
M1959855837,https://tracking.goboxful.com?shipment=BFTS-3465-2024071010382,20629
M1960157042,https://tracking.goboxful.com?shipment=BFTS-3465-2024071010412,20636
M1960157826,https://tracking.goboxful.com?shipment=BFTS-3465-2024071010413,20634
M19605295,https://tracking.goboxful.com?shipment=BFTS-3465-2024071010417,20640
M1961463064,https://tracking.goboxful.com?shipment=BFTS-3465-2024071010428,20649
M1961658584,https://tracking.goboxful.com?shipment=BFTS-3465-2024071010429,20651
M1961556124,https://tracking.goboxful.com?shipment=BFTS-3465-2024071010432,20650
M1961764916,https://tracking.goboxful.com?shipment=BFTS-3465-2024071010433,20654
M1961852895,https://tracking.goboxful.com?shipment=BFTS-3465-2024071010435,20656
M1961823247,https://tracking.goboxful.com?shipment=BFTS-3465-2024071010436,20655
M1960063223,https://tracking.goboxful.com?shipment=BFTS-3465-2024071110437,20632
M1961953299,https://tracking.goboxful.com?shipment=BFTS-3465-2024071110438,20657
M1961259064,https://tracking.goboxful.com?shipment=BFTS-3465-2024071110443,20647
M1897856202,https://tracking.goboxful.com?shipment=BFTS-3465-202405318188,19847
M1958028876,https://tracking.goboxful.com?shipment=BFTS-3465-2024071110447,20610
M1958028876,https://tracking.goboxful.com?shipment=BFTS-3465-2024071110449,20610
M1962260468,https://tracking.goboxful.com?shipment=BFTS-3465-2024071110453,20661
M1962362988,https://tracking.goboxful.com?shipment=BFTS-3465-2024071110459,20662
M1962416246,https://tracking.goboxful.com?shipment=BFTS-3465-2024071110460,20665
M1962463153,https://tracking.goboxful.com?shipment=BFTS-3465-2024071110462,20666
M1962538612,https://tracking.goboxful.com?shipment=BFTS-3465-2024071110463,20668
M1962363889,https://tracking.goboxful.com?shipment=BFTS-3465-2024071110465,20663
M196243794,https://tracking.goboxful.com?shipment=BFTS-3465-2024071110500,20667
M196173794,https://tracking.goboxful.com?shipment=BFTS-3465-2024071110501,20653
M1962664571,https://tracking.goboxful.com?shipment=BFTS-3465-2024071110507,20669
M1962362988,https://tracking.goboxful.com?shipment=BFTS-3465-2024071110509,20662
M1961764916,https://tracking.goboxful.com?shipment=BFTS-3465-2024071110510,20654
M196207916,https://tracking.goboxful.com?shipment=BFTS-3465-2024071110512,20658
M1962857826,https://tracking.goboxful.com?shipment=BFTS-3465-2024071110513,20671
M196207916,https://tracking.goboxful.com?shipment=BFTS-3465-2024071110514,20658
M1962851958,https://tracking.goboxful.com?shipment=BFTS-3465-2024071110515,20672
M1961756027,https://tracking.goboxful.com?shipment=BFTS-3465-2024071110518,20652
M1959615195,https://tracking.goboxful.com?shipment=BFTS-3465-2024071110519,20627
M1962164559,https://tracking.goboxful.com?shipment=BFTS-3465-2024071110521,20659
M1962963980,https://tracking.goboxful.com?shipment=BFTS-3465-2024071110523,20673
M1962963980,https://tracking.goboxful.com?shipment=BFTS-3465-2024071110524,20673
M1963051591,https://tracking.goboxful.com?shipment=BFTS-3465-2024071110525,20674
M1963051591,https://tracking.goboxful.com?shipment=BFTS-3465-2024071110526,20674
M1962364742,https://tracking.goboxful.com?shipment=BFTS-3465-2024071110527,20664
M1963242871,https://tracking.goboxful.com?shipment=BFTS-3465-2024071110528,20676
M1962156669,https://tracking.goboxful.com?shipment=BFTS-3465-2024071210556,20660
M1961056669,https://tracking.goboxful.com?shipment=BFTS-3465-2024071210557,20645
M1958262694,https://tracking.goboxful.com?shipment=BFTS-3465-2024071210559,20612
M1963451958,https://tracking.goboxful.com?shipment=BFTS-3465-2024071210569,20681
M1960054986,https://tracking.goboxful.com?shipment=BFTS-3465-2024071210571,20633
M1963164061,https://tracking.goboxful.com?shipment=BFTS-3465-2024071210588,20675
M1963564451,https://tracking.goboxful.com?shipment=BFTS-3465-2024071210605,20682
M1964132715,https://tracking.goboxful.com?shipment=BFTS-3465-2024071210615,20688
M1961357539,https://tracking.goboxful.com?shipment=BFTS-3465-2024071210620,20648
M1963855519,https://tracking.goboxful.com?shipment=BFTS-3465-2024071310642,20685
M1964561124,https://tracking.goboxful.com?shipment=BFTS-3465-2024071310643,20693
M1964464548,https://tracking.goboxful.com?shipment=BFTS-3465-2024071310644,20692
M1964758822,https://tracking.goboxful.com?shipment=BFTS-3465-2024071310653,20695
M1964661885,https://tracking.goboxful.com?shipment=BFTS-3465-2024071310655,20694
M1964813010,https://tracking.goboxful.com?shipment=BFTS-3465-2024071310656,20696
M1965460468,https://tracking.goboxful.com?shipment=BFTS-3465-2024071410664,20702
M1964953430,https://tracking.goboxful.com?shipment=BFTS-3465-2024071410665,20697
M1963954135,https://tracking.goboxful.com?shipment=BFTS-3465-2024071410666,20686
M1963954135,https://tracking.goboxful.com?shipment=BFTS-3465-2024071410667,20686
M1965555831,https://tracking.goboxful.com?shipment=BFTS-3465-2024071410668,20703
M1965052895,https://tracking.goboxful.com?shipment=BFTS-3465-2024071410671,20698
M1965253719,https://tracking.goboxful.com?shipment=BFTS-3465-2024071410672,20700
M1965952593,https://tracking.goboxful.com?shipment=BFTS-3465-2024071410673,20707
M1964043753,https://tracking.goboxful.com?shipment=BFTS-3465-2024071410674,20687
M1963354033,https://tracking.goboxful.com?shipment=BFTS-3465-2024071410675,20679
M1965954033,https://tracking.goboxful.com?shipment=BFTS-3465-2024071410676,20708
M1962156669,https://tracking.goboxful.com?shipment=BFTS-3465-2024071510687,20660
M1961056669,https://tracking.goboxful.com?shipment=BFTS-3465-2024071510688,20645
M1965141354,https://tracking.goboxful.com?shipment=BFTS-3465-2024071510689,20699
M1966055499,https://tracking.goboxful.com?shipment=BFTS-3465-2024071510692,20709
M1966351108,https://tracking.goboxful.com?shipment=BFTS-3465-2024071510750,20712
M1966121382,https://tracking.goboxful.com?shipment=BFTS-3465-2024071510754,20710
M1966461124,https://tracking.goboxful.com?shipment=BFTS-3465-2024071510768,20713
M1966764061,https://tracking.goboxful.com?shipment=BFTS-3465-2024071510775,20716
M1966860962,https://tracking.goboxful.com?shipment=BFTS-3465-2024071510776,20717
M1966959059,https://tracking.goboxful.com?shipment=BFTS-3465-2024071610778,20719
M1967040350,https://tracking.goboxful.com?shipment=BFTS-3465-2024071610779,20720
M1967162932,https://tracking.goboxful.com?shipment=BFTS-3465-2024071610786,20721
M1963164061,https://tracking.goboxful.com?shipment=BFTS-3465-2024071610788,20675
M1966547530,https://tracking.goboxful.com?shipment=BFTS-3465-2024071610796,20714
M1964132715,https://tracking.goboxful.com?shipment=BFTS-3465-2024071610797,20688
M1967256669,https://tracking.goboxful.com?shipment=BFTS-3465-2024071610801,20722
M1961357539,https://tracking.goboxful.com?shipment=BFTS-3465-2024071610809,20648
M1966664451,https://tracking.goboxful.com?shipment=BFTS-3465-2024071610827,20715
M196758371,https://tracking.goboxful.com?shipment=BFTS-3465-2024071610828,20725
M1967461445,https://tracking.goboxful.com?shipment=BFTS-3465-2024071610830,20724
M1967461445,https://tracking.goboxful.com?shipment=BFTS-3465-2024071610831,20724
M196753794,https://tracking.goboxful.com?shipment=BFTS-3465-2024071610832,20726
M1966960317,https://tracking.goboxful.com?shipment=BFTS-3465-2024071610834,20718
M1967734950,https://tracking.goboxful.com?shipment=BFTS-3465-2024071610837,20728
M1967852895,https://tracking.goboxful.com?shipment=BFTS-3465-2024071610842,20732
M1967862526,https://tracking.goboxful.com?shipment=BFTS-3465-2024071610843,20738
M196733067,https://tracking.goboxful.com?shipment=BFTS-3465-2024071610844,20723
M1967864710,https://tracking.goboxful.com?shipment=BFTS-3465-2024071610845,20730
M1967657826,https://tracking.goboxful.com?shipment=BFTS-3465-2024071610846,20727
M1967852635,https://tracking.goboxful.com?shipment=BFTS-3465-2024071610847,20739
M1968052895,https://tracking.goboxful.com?shipment=BFTS-3465-2024071610848,20741
M1968058895,https://tracking.goboxful.com?shipment=BFTS-3465-2024071610849,20743
M1967834612,https://tracking.goboxful.com?shipment=BFTS-3465-2024071610850,20734
M1968218571,https://tracking.goboxful.com?shipment=BFTS-3465-2024071610851,20745
M1968354240,https://tracking.goboxful.com?shipment=BFTS-3465-2024071610852,20746
M1968460297,https://tracking.goboxful.com?shipment=BFTS-3465-2024071610853,20747
M1968764802,https://tracking.goboxful.com?shipment=BFTS-3465-2024071610854,20751
M1968661915,https://tracking.goboxful.com?shipment=BFTS-3465-2024071610855,20750
M1968561915,https://tracking.goboxful.com?shipment=BFTS-3465-2024071610856,20748
M1968627038,https://tracking.goboxful.com?shipment=BFTS-3465-2024071710857,20749
M196789952,https://tracking.goboxful.com?shipment=BFTS-3465-2024071710858,20729
M1968851160,https://tracking.goboxful.com?shipment=BFTS-3465-2024071710860,20752
M1967813167,https://tracking.goboxful.com?shipment=BFTS-3465-2024071710871,20731
M1968941354,https://tracking.goboxful.com?shipment=BFTS-3465-2024071710873,20753
M1968851160,https://tracking.goboxful.com?shipment=BFTS-3465-2024071710860,20752
M1969258895,https://tracking.goboxful.com?shipment=BFTS-3465-2024071710904,20757
M196803794,https://tracking.goboxful.com?shipment=BFTS-3465-2024071710907,20742
M1969364559,https://tracking.goboxful.com?shipment=BFTS-3465-2024071710909,20758
M1969112422,https://tracking.goboxful.com?shipment=BFTS-3465-2024071710915,20755
M1969465260,https://tracking.goboxful.com?shipment=BFTS-3465-2024071710919,20759
M1969537623,https://tracking.goboxful.com?shipment=BFTS-3465-2024071710920,20760
M1969258895,https://tracking.goboxful.com?shipment=BFTS-3465-2024071810928,20757
M1968058895,https://tracking.goboxful.com?shipment=BFTS-3465-2024071810929,20743
M1968058895,https://tracking.goboxful.com?shipment=BFTS-3465-2024071810934,20743
M1969749430,https://tracking.goboxful.com?shipment=BFTS-3465-2024071810936,20762
M1970163597,https://tracking.goboxful.com?shipment=BFTS-3465-2024071810937,20766
M1970265537,https://tracking.goboxful.com?shipment=BFTS-3465-2024071810942,20767
M1970563980,https://tracking.goboxful.com?shipment=BFTS-3465-2024071810948,20771
M1970660468,https://tracking.goboxful.com?shipment=BFTS-3465-2024071810953,20773
M1970457826,https://tracking.goboxful.com?shipment=BFTS-3465-2024071810954,20769
M1969864061,https://tracking.goboxful.com?shipment=BFTS-3465-2024071810955,20763
M1970727619,https://tracking.goboxful.com?shipment=BFTS-3465-2024071810956,20774
M1970363493,https://tracking.goboxful.com?shipment=BFTS-3465-2024071810963,20768
M1970064559,https://tracking.goboxful.com?shipment=BFTS-3465-2024071810971,20765
M1970064559,https://tracking.goboxful.com?shipment=BFTS-3465-2024071810972,20765
M1964132715,https://tracking.goboxful.com?shipment=BFTS-3465-2024071810976,20688
M1970455519,https://tracking.goboxful.com?shipment=BFTS-3465-2024071810978,20770
M1970837623,https://tracking.goboxful.com?shipment=BFTS-3465-2024071810981,20775
M197112779,https://tracking.goboxful.com?shipment=BFTS-3465-2024071810982,20778
M1971441,https://tracking.goboxful.com?shipment=BFTS-3465-2024071810988,20782
M1971360314,https://tracking.goboxful.com?shipment=BFTS-3465-2024071810989,20781
M1971360314,https://tracking.goboxful.com?shipment=BFTS-3465-2024071810990,20781
M1971357826,https://tracking.goboxful.com?shipment=BFTS-3465-2024071810998,20780
M1971563980,https://tracking.goboxful.com?shipment=BFTS-3465-2024071911000,20784
M1971558895,https://tracking.goboxful.com?shipment=BFTS-3465-2024071911001,20785
M1971663836,https://tracking.goboxful.com?shipment=BFTS-3465-2024071911002,20786
M1971721630,https://tracking.goboxful.com?shipment=BFTS-3465-2024071911005,20788
M1970551160,https://tracking.goboxful.com?shipment=BFTS-3465-2024071911006,20772
M1970363493,https://tracking.goboxful.com?shipment=BFTS-3465-2024071911007,20768
M1971664571,https://tracking.goboxful.com?shipment=BFTS-3465-2024071911011,20787
M1970660468,https://tracking.goboxful.com?shipment=BFTS-3465-2024071911014,20773
M1972565678,https://tracking.goboxful.com?shipment=BFTS-3465-2024071911027,20796
M1972565678,https://tracking.goboxful.com?shipment=BFTS-3465-2024071911029,20796
M1972755961,https://tracking.goboxful.com?shipment=BFTS-3465-2024071911039,20798
M1972757498,https://tracking.goboxful.com?shipment=BFTS-3465-2024071911041,20799
M1972657470,https://tracking.goboxful.com?shipment=BFTS-3465-2024071911042,20797
M1972862954,https://tracking.goboxful.com?shipment=BFTS-3465-2024071911043,20800
M1973116246,https://tracking.goboxful.com?shipment=BFTS-3465-2024071911044,20804
M1973057304,https://tracking.goboxful.com?shipment=BFTS-3465-2024071911045,20803
M197153794,https://tracking.goboxful.com?shipment=BFTS-3465-2024071911055,20783
M197123794,https://tracking.goboxful.com?shipment=BFTS-3465-2024071911056,20779
M1973260740,https://tracking.goboxful.com?shipment=BFTS-3465-2024071911057,20805
M1973457826,https://tracking.goboxful.com?shipment=BFTS-3465-2024071911059,20811
M1973852635,https://tracking.goboxful.com?shipment=BFTS-3465-2024071911061,20815
M1973955458,https://tracking.goboxful.com?shipment=BFTS-3465-2024071911063,20816
M1973955458,https://tracking.goboxful.com?shipment=BFTS-3465-2024071911064,20816
M1973955458,https://tracking.goboxful.com?shipment=BFTS-3465-2024071911065,20816
M1974054524,https://tracking.goboxful.com?shipment=BFTS-3465-2024071911066,20818
M1974065419,https://tracking.goboxful.com?shipment=BFTS-3465-2024071911067,20819
M1974065419,https://tracking.goboxful.com?shipment=BFTS-3465-2024071911068,20819
M1974255514,https://tracking.goboxful.com?shipment=BFTS-3465-2024071911069,20822
M1974334950,https://tracking.goboxful.com?shipment=BFTS-3465-2024072011070,20823
M1972964451,https://tracking.goboxful.com?shipment=BFTS-3465-2024072011072,20801
M1974065419,https://tracking.goboxful.com?shipment=BFTS-3465-2024072011074,20819
M1974557826,https://tracking.goboxful.com?shipment=BFTS-3465-2024072011080,20826
M1974555054,https://tracking.goboxful.com?shipment=BFTS-3465-2024072011084,20825
M1974760815,https://tracking.goboxful.com?shipment=BFTS-3465-2024072011089,20830
M1974760815,https://tracking.goboxful.com?shipment=BFTS-3465-2024072011090,20830
M1974831539,https://tracking.goboxful.com?shipment=BFTS-3465-2024072011092,20832
M1974811163,https://tracking.goboxful.com?shipment=BFTS-3465-2024072011093,20831
M1974944716,https://tracking.goboxful.com?shipment=BFTS-3465-2024072011094,20834
M1973453429,https://tracking.goboxful.com?shipment=BFTS-3465-2024072011095,20810
M1975261915,https://tracking.goboxful.com?shipment=BFTS-3465-2024072011096,20838
M1975449430,https://tracking.goboxful.com?shipment=BFTS-3465-2024072011097,20847
M1975157064,https://tracking.goboxful.com?shipment=BFTS-3465-2024072011098,20837
M1974627113,https://tracking.goboxful.com?shipment=BFTS-3465-2024072011099,20827
M1975660477,https://tracking.goboxful.com?shipment=BFTS-3465-2024072111110,20849
M1974656270,https://tracking.goboxful.com?shipment=BFTS-3465-2024072111111,20829
M1971664571,https://tracking.goboxful.com?shipment=BFTS-3465-2024072111112,20787
M1975556193,https://tracking.goboxful.com?shipment=BFTS-3465-2024072111114,20848
M1975965866,https://tracking.goboxful.com?shipment=BFTS-3465-2024072111115,20852
M1975858869,https://tracking.goboxful.com?shipment=BFTS-3465-2024072111116,20851
M1976264061,https://tracking.goboxful.com?shipment=BFTS-3465-2024072111117,20855
M1976312326,https://tracking.goboxful.com?shipment=BFTS-3465-2024072111118,20856
M1976560815,https://tracking.goboxful.com?shipment=BFTS-3465-2024072111123,20859
M197449722,https://tracking.goboxful.com?shipment=BFTS-3465-2024072211134,20824
M1976658895,https://tracking.goboxful.com?shipment=BFTS-3465-2024072211137,20860
M1974651160,https://tracking.goboxful.com?shipment=BFTS-3465-2024072211138,20828
M1971664571,https://tracking.goboxful.com?shipment=BFTS-3465-2024072211140,20787
M197449722,https://tracking.goboxful.com?shipment=BFTS-3465-2024072211143,20824
M1977259000,https://tracking.goboxful.com?shipment=BFTS-3465-2024072211156,20867
M1973647517,https://tracking.goboxful.com?shipment=BFTS-3465-2024072211160,20813
M1977364396,https://tracking.goboxful.com?shipment=BFTS-3465-2024072211163,20868
M1977450603,https://tracking.goboxful.com?shipment=BFTS-3465-2024072211189,20869
M1976864451,https://tracking.goboxful.com?shipment=BFTS-3465-2024072211196,20863
M1976564451,https://tracking.goboxful.com?shipment=BFTS-3465-2024072211197,20858
M1977056021,https://tracking.goboxful.com?shipment=BFTS-3465-2024072211198,20865
M1976116634,https://tracking.goboxful.com?shipment=BFTS-3465-2024072211200,20854
M1977189,https://tracking.goboxful.com?shipment=BFTS-3465-2024072211207,20866
M1977559000,https://tracking.goboxful.com?shipment=BFTS-3465-2024072211211,20870
M1977657470,https://tracking.goboxful.com?shipment=BFTS-3465-2024072211218,20871
M1976928216,https://tracking.goboxful.com?shipment=BFTS-3465-2024072211220,20864
M1977763597,https://tracking.goboxful.com?shipment=BFTS-3465-2024072211221,20872
M1977865473,https://tracking.goboxful.com?shipment=BFTS-3465-2024072311232,20873
M1977913010,https://tracking.goboxful.com?shipment=BFTS-3465-2024072311234,20875
M1978050603,https://tracking.goboxful.com?shipment=BFTS-3465-2024072311238,20877
M1967040350,https://tracking.goboxful.com?shipment=BFTS-3465-2024072311239,20720
M1978189,https://tracking.goboxful.com?shipment=BFTS-3465-2024072311264,20878
M1978256368,https://tracking.goboxful.com?shipment=BFTS-3465-2024072311265,20879
M1978247530,https://tracking.goboxful.com?shipment=BFTS-3465-2024072311267,20880
M1978256368,https://tracking.goboxful.com?shipment=BFTS-3465-2024072311271,20879
M1978247530,https://tracking.goboxful.com?shipment=BFTS-3465-2024072311272,20880
M1978256368,https://tracking.goboxful.com?shipment=BFTS-3465-2024072311271,20879
M1978247530,https://tracking.goboxful.com?shipment=BFTS-3465-2024072311272,20880
M1978256368,https://tracking.goboxful.com?shipment=BFTS-3465-2024072311274,20879
M1978256368,https://tracking.goboxful.com?shipment=BFTS-3465-2024072311274,20879
M1978247530,https://tracking.goboxful.com?shipment=BFTS-3465-2024072311275,20880
M1978247530,https://tracking.goboxful.com?shipment=BFTS-3465-2024072311275,20880
M1976658705,https://tracking.goboxful.com?shipment=BFTS-3465-2024072311277,20861
M1976443494,https://tracking.goboxful.com?shipment=BFTS-3465-2024072311282,20857
M1977957844,https://tracking.goboxful.com?shipment=BFTS-3465-2024072311288,20876
M1978216246,https://tracking.goboxful.com?shipment=BFTS-3465-2024072311289,20881
M1978616246,https://tracking.goboxful.com?shipment=BFTS-3465-2024072311294,20888
M1978861124,https://tracking.goboxful.com?shipment=BFTS-3465-2024072411295,20890
M1978913010,https://tracking.goboxful.com?shipment=BFTS-3465-2024072411296,20893
M1979154950,https://tracking.goboxful.com?shipment=BFTS-3465-2024072411298,20896
M1979453429,https://tracking.goboxful.com?shipment=BFTS-3465-2024072411301,20901
M1979423468,https://tracking.goboxful.com?shipment=BFTS-3465-2024072411304,20900
M1977056021,https://tracking.goboxful.com?shipment=BFTS-3465-2024072411305,20865
M1979061445,https://tracking.goboxful.com?shipment=BFTS-3465-2024072411306,20894
M1974831539,https://tracking.goboxful.com?shipment=BFTS-3465-2024072411313,20832
M1976755304,https://tracking.goboxful.com?shipment=BFTS-3465-2024072411316,20862
M1976055304,https://tracking.goboxful.com?shipment=BFTS-3465-2024072411317,20853
M1979551362,https://tracking.goboxful.com?shipment=BFTS-3465-2024072411320,20903
M1979651362,https://tracking.goboxful.com?shipment=BFTS-3465-2024072411322,20904
M1979849430,https://tracking.goboxful.com?shipment=BFTS-3465-2024072411323,20907
M197998371,https://tracking.goboxful.com?shipment=BFTS-3465-2024072411324,20908
M1979322275,https://tracking.goboxful.com?shipment=BFTS-3465-2024072411326,20899
M1979156270,https://tracking.goboxful.com?shipment=BFTS-3465-2024072411332,20895
M1979566189,https://tracking.goboxful.com?shipment=BFTS-3465-2024072411335,20902
M1980156124,https://tracking.goboxful.com?shipment=BFTS-3465-2024072411352,20910
M1979733261,https://tracking.goboxful.com?shipment=BFTS-3465-2024072411355,20905
M1980361152,https://tracking.goboxful.com?shipment=BFTS-3465-2024072411357,20912
M1980449839,https://tracking.goboxful.com?shipment=BFTS-3465-2024072411358,20913
M1980264451,https://tracking.goboxful.com?shipment=BFTS-3465-2024072411360,20911
M1979164916,https://tracking.goboxful.com?shipment=BFTS-3465-2024072411361,20897
M1980513010,https://tracking.goboxful.com?shipment=BFTS-3465-2024072411363,20915
M1980620262,https://tracking.goboxful.com?shipment=BFTS-3465-2024072411364,20916
M1980851160,https://tracking.goboxful.com?shipment=BFTS-3465-2024072411374,20918
M1980766405,https://tracking.goboxful.com?shipment=BFTS-3465-2024072411379,20917
M197798093,https://tracking.goboxful.com?shipment=BFTS-3465-2024072411381,20874
M197798093,https://tracking.goboxful.com?shipment=BFTS-3465-2024072411382,20874
M1979721630,https://tracking.goboxful.com?shipment=BFTS-3465-2024072511393,20906
M1980557586,https://tracking.goboxful.com?shipment=BFTS-3465-2024072511407,20914
M1981389,https://tracking.goboxful.com?shipment=BFTS-3465-2024072511411,20924
M1981161024,https://tracking.goboxful.com?shipment=BFTS-3465-2024072511413,20921
M1981758584,https://tracking.goboxful.com?shipment=BFTS-3465-2024072511437,20928
M1980963493,https://tracking.goboxful.com?shipment=BFTS-3465-2024072511442,20919
M1981934512,https://tracking.goboxful.com?shipment=BFTS-3465-2024072511445,20930
M1982052966,https://tracking.goboxful.com?shipment=BFTS-3465-2024072511455,20931
M1982156202,https://tracking.goboxful.com?shipment=BFTS-3465-2024072511456,20932
M1982289,https://tracking.goboxful.com?shipment=BFTS-3465-2024072611459,20933
M198159900,https://tracking.goboxful.com?shipment=BFTS-3465-2024072611470,20926
M1982358788,https://tracking.goboxful.com?shipment=BFTS-3465-2024072611478,20936
M1982355329,https://tracking.goboxful.com?shipment=BFTS-3465-2024072611479,20937
M1982357826,https://tracking.goboxful.com?shipment=BFTS-3465-2024072611482,20935
M1982411212,https://tracking.goboxful.com?shipment=BFTS-3465-2024072611498,20939
M1982353534,https://tracking.goboxful.com?shipment=BFTS-3465-2024072611500,20938
M1978464634,https://tracking.goboxful.com?shipment=BFTS-3465-2024072611512,20883
M198279866,https://tracking.goboxful.com?shipment=BFTS-3465-2024072611514,20943
M1982789,https://tracking.goboxful.com?shipment=BFTS-3465-2024072611515,20945
M1982765459,https://tracking.goboxful.com?shipment=BFTS-3465-2024072611516,20944
M198308093,https://tracking.goboxful.com?shipment=BFTS-3465-2024072711532,20951
M1983049521,https://tracking.goboxful.com?shipment=BFTS-3465-2024072711533,20950
M198249991,https://tracking.goboxful.com?shipment=BFTS-3465-2024072711535,20940
M1983057470,https://tracking.goboxful.com?shipment=BFTS-3465-2024072711536,20949
M1983227668,https://tracking.goboxful.com?shipment=BFTS-3465-2024072811550,20953
M1983327668,https://tracking.goboxful.com?shipment=BFTS-3465-2024072811551,20955
M1982557826,https://tracking.goboxful.com?shipment=BFTS-3465-2024072811564,20941
M1983464559,https://tracking.goboxful.com?shipment=BFTS-3465-2024072811565,20956
M1983555660,https://tracking.goboxful.com?shipment=BFTS-3465-2024072811566,20957
M1970455519,https://tracking.goboxful.com?shipment=BFTS-3465-2024072811567,20770
M1983651591,https://tracking.goboxful.com?shipment=BFTS-3465-2024072811568,20958
M1983810158,https://tracking.goboxful.com?shipment=BFTS-3465-2024072811569,20964
M1983858227,https://tracking.goboxful.com?shipment=BFTS-3465-2024072811570,20962
M1983958584,https://tracking.goboxful.com?shipment=BFTS-3465-2024072811571,20965
M1983827668,https://tracking.goboxful.com?shipment=BFTS-3465-2024072811572,20963
M1984351037,https://tracking.goboxful.com?shipment=BFTS-3465-2024072811574,20971
M1983252351,https://tracking.goboxful.com?shipment=BFTS-3465-2024072811575,20954
M1984016246,https://tracking.goboxful.com?shipment=BFTS-3465-2024072811596,20966
M1984560314,https://tracking.goboxful.com?shipment=BFTS-3465-2024072811598,20974
M1978464634,https://tracking.goboxful.com?shipment=BFTS-3465-2024072811599,20883
M1984862109,https://tracking.goboxful.com?shipment=BFTS-3465-2024072911600,20977
M1983227668,https://tracking.goboxful.com?shipment=BFTS-3465-2024072911603,20953
M1984154062,https://tracking.goboxful.com?shipment=BFTS-3465-2024072911604,20969
M1984154062,https://tracking.goboxful.com?shipment=BFTS-3465-2024072911612,20969
M1982663153,https://tracking.goboxful.com?shipment=BFTS-3465-2024072911616,20942
M1985153058,https://tracking.goboxful.com?shipment=BFTS-3465-2024072911617,20981
M1982753058,https://tracking.goboxful.com?shipment=BFTS-3465-2024072911618,20946
M1985027668,https://tracking.goboxful.com?shipment=BFTS-3465-2024072911620,20980
M1985257826,https://tracking.goboxful.com?shipment=BFTS-3465-2024072911628,20983
M1984754696,https://tracking.goboxful.com?shipment=BFTS-3465-2024072911631,20976
M1983854696,https://tracking.goboxful.com?shipment=BFTS-3465-2024072911634,20960
M1982958676,https://tracking.goboxful.com?shipment=BFTS-3465-2024072911635,20948
M1985357826,https://tracking.goboxful.com?shipment=BFTS-3465-2024072911652,20984
M198403794,https://tracking.goboxful.com?shipment=BFTS-3465-2024072911680,20967
M1985465646,https://tracking.goboxful.com?shipment=BFTS-3465-2024072911693,20985
M1985521382,https://tracking.goboxful.com?shipment=BFTS-3465-2024072911696,20986
M1985663955,https://tracking.goboxful.com?shipment=BFTS-3465-2024072911702,20987
M1986157321,https://tracking.goboxful.com?shipment=BFTS-3465-2024072911710,20992
M1987351160,https://tracking.goboxful.com?shipment=BFTS-3465-2024073011711,21008
M1987560815,https://tracking.goboxful.com?shipment=BFTS-3465-2024073011712,21011
M1986013010,https://tracking.goboxful.com?shipment=BFTS-3465-2024073011718,20991
M198748528,https://tracking.goboxful.com?shipment=BFTS-3465-2024073011722,21009
M1985714930,https://tracking.goboxful.com?shipment=BFTS-3465-2024073011725,20988
M1985847530,https://tracking.goboxful.com?shipment=BFTS-3465-2024073011727,20989
M1985249737,https://tracking.goboxful.com?shipment=BFTS-3465-2024073011729,20982
M1984554986,https://tracking.goboxful.com?shipment=BFTS-3465-2024073011738,20973
M1983754986,https://tracking.goboxful.com?shipment=BFTS-3465-2024073011739,20959
M1987656202,https://tracking.goboxful.com?shipment=BFTS-3465-2024073011740,21012
M1987755130,https://tracking.goboxful.com?shipment=BFTS-3465-2024073011760,21013
M1976928216,https://tracking.goboxful.com?shipment=BFTS-3465-2024073011766,20864
M1980963493,https://tracking.goboxful.com?shipment=BFTS-3465-2024073011776,20919
M1987951160,https://tracking.goboxful.com?shipment=BFTS-3465-2024073011778,21015
M1988089,https://tracking.goboxful.com?shipment=BFTS-3465-2024073011779,21016
M1987461734,https://tracking.goboxful.com?shipment=BFTS-3465-2024073011781,21010
M1988166579,https://tracking.goboxful.com?shipment=BFTS-3465-2024073011782,21017
M1988166405,https://tracking.goboxful.com?shipment=BFTS-3465-2024073011784,21018
M1988265678,https://tracking.goboxful.com?shipment=BFTS-3465-2024073011785,21020
M198829991,https://tracking.goboxful.com?shipment=BFTS-3465-2024073111791,21019
M1988312239,https://tracking.goboxful.com?shipment=BFTS-3465-2024073111792,21022
M1988353430,https://tracking.goboxful.com?shipment=BFTS-3465-2024073111800,21021
M1982557826,https://tracking.goboxful.com?shipment=BFTS-3465-2024073111817,20941
M1982411212,https://tracking.goboxful.com?shipment=BFTS-3465-2024073111818,20939
M1988544716,https://tracking.goboxful.com?shipment=BFTS-3465-2024073111820,21026
M1988565678,https://tracking.goboxful.com?shipment=BFTS-3465-2024073111821,21025
M1988464559,https://tracking.goboxful.com?shipment=BFTS-3465-2024073111822,21023
M1989159000,https://tracking.goboxful.com?shipment=BFTS-3465-2024073111849,21033
M1988756961,https://tracking.goboxful.com?shipment=BFTS-3465-2024073111850,21028
M1989365744,https://tracking.goboxful.com?shipment=BFTS-3465-2024073111851,21036
M1989366584,https://tracking.goboxful.com?shipment=BFTS-3465-2024073111852,21035
M1989459000,https://tracking.goboxful.com?shipment=BFTS-3465-2024073111853,21038
M1989563597,https://tracking.goboxful.com?shipment=BFTS-3465-2024073111854,21039
M1989555831,https://tracking.goboxful.com?shipment=BFTS-3465-2024073111855,21040
M1989659000,https://tracking.goboxful.com?shipment=BFTS-3465-2024073111856,21041
M1989856202,https://tracking.goboxful.com?shipment=BFTS-3465-2024073111858,21044
M1989753534,https://tracking.goboxful.com?shipment=BFTS-3465-2024073111859,21043
M1990165678,https://tracking.goboxful.com?shipment=BFTS-3465-2024073111868,21048
